{
  "vocab": {
    "编": 0,
    "程": 1,
    "代": 2,
    "码": 3,
    "技": 4,
    "术": 5,
    "解": 6,
    "释": 7,
    "网": 8,
    "页": 9,
    "源": 10,
    "分": 11,
    "析": 12,
    "端": 13,
    "口": 14,
    "扫": 15,
    "描": 16,
    "音": 17,
    "乐": 18,
    "推": 19,
    "荐": 20,
    "天": 21,
    "气": 22,
    "查": 23,
    "询": 24,
    "城": 25,
    "市": 26,
    "介": 27,
    "绍": 28,
    "络": 29,
    "安": 30,
    "全": 31,
    "测": 32,
    "试": 33,
    "多": 34,
    "项": 35,
    "讨": 36,
    "论": 37,
    "图": 38,
    "像": 39,
    "视": 40,
    "频": 41
  },
  "word_freq": {
    "编": 30,
    "程": 30,
    "代": 30,
    "码": 56,
    "技": 30,
    "术": 30,
    "解": 30,
    "释": 30,
    "网": 139,
    "页": 26,
    "源": 26,
    "分": 128,
    "析": 128,
    "端": 139,
    "口": 139,
    "扫": 139,
    "描": 139,
    "音": 23,
    "乐": 23,
    "推": 23,
    "荐": 23,
    "天": 23,
    "气": 23,
    "查": 23,
    "询": 23,
    "城": 23,
    "市": 23,
    "介": 23,
    "绍": 23,
    "络": 113,
    "安": 113,
    "全": 113,
    "测": 113,
    "试": 113,
    "多": 3,
    "项": 3,
    "讨": 3,
    "论": 3,
    "图": 56,
    "像": 56,
    "视": 46,
    "频": 46
  },
  "idf_scores": {
    "技": 0.4054651081081644,
    "码": 0.0,
    "释": 0.4054651081081644,
    "代": 0.4054651081081644,
    "术": 0.4054651081081644,
    "程": 0.4054651081081644,
    "编": 0.4054651081081644,
    "解": 0.4054651081081644,
    "描": 0.4054651081081644,
    "分": 0.0,
    "口": 0.4054651081081644,
    "析": 0.0,
    "扫": 0.4054651081081644,
    "页": 0.4054651081081644,
    "网": 0.4054651081081644,
    "端": 0.4054651081081644,
    "源": 0.4054651081081644,
    "荐": 0.4054651081081644,
    "天": 0.4054651081081644,
    "询": 0.4054651081081644,
    "绍": 0.4054651081081644,
    "气": 0.4054651081081644,
    "市": 0.4054651081081644,
    "推": 0.4054651081081644,
    "城": 0.4054651081081644,
    "音": 0.4054651081081644,
    "查": 0.4054651081081644,
    "乐": 0.4054651081081644,
    "介": 0.4054651081081644,
    "安": 0.4054651081081644,
    "全": 0.4054651081081644,
    "测": 0.4054651081081644,
    "试": 0.4054651081081644,
    "络": 0.4054651081081644,
    "论": 0.0,
    "讨": 0.0,
    "项": 0.0,
    "多": 0.0,
    "像": 0.4054651081081644,
    "图": 0.4054651081081644,
    "频": 0.4054651081081644,
    "视": 0.4054651081081644
  }
}